Time,ADS1015-raw,ADS1015_v,ESP8266_ADC,ESP8266_v,,Voltage Error,,,,,,,,,,,,,,,,
2/22/2016 17:26,1399,4.2,733,4.12,,-1.9%,,,,,,,,,,,,,,,,
2/22/2016 17:27,1399,4.2,733,4.12,,-1.9%,,,Battery Monitor - Test Conditions:,,,,,,,,,,,,,
2/22/2016 17:31,1389,4.17,729,4.1,,-1.7%,,,"Adafruit Feather ESP8266, fitted with a 500 ma-h litium-ion battery and an Adafruit ADS1015 ADC breakout board",,,,,,,,,,,,,
2/22/2016 17:36,1378,4.13,729,4.1,,-0.7%,,,ADS1015 is only sampled once (column C),,,,,,,,,,,,,
2/22/2016 17:41,1390,4.17,729,4.1,,-1.7%,,,Arduino code samples the ESP8266 10 times and provides an averaged result (column D),,,,,,,,,,,,,
2/22/2016 17:46,1388,4.16,729,4.1,,-1.4%,,,ESP8266 sends the data to a Rapberry Pi2 that is running mysql and  is then put to sleep for 5 minutes. ,,,,,,,,,,,,,
2/22/2016 17:51,1386,4.16,729,4.1,,-1.4%,,,,"ESP.deepSleep(SLEEP_TIME * 1000000, WAKE_RF_DEFAULT);",,,,,,,,,,,,
2/22/2016 17:55,1380,4.14,728,4.1,,-1.0%,,,Voltage Divider:  100K + 20K resistors (1%) measured values. 100K resistor is tied to the Battery output and then connected to the 20K resistor,,,,,,,,,,,,,
2/22/2016 18:00,1384,4.15,728,4.1,,-1.2%,,,,other side of 20K resister tied to ground,,,,,,,,,,,,
2/22/2016 18:05,1378,4.13,728,4.1,,-0.7%,,,Both ESP8266 and ADS1015 were measuring the voltage across the 20K resistor and ground,,,,,,,,,,,,,
2/22/2016 18:10,1381,4.14,727,4.09,,-1.2%,,,ADS1015 was set for a gain of four -> 1 bit = 0.5mV,,,,,,,,,,,,,
2/22/2016 18:15,1381,4.14,727,4.09,,-1.2%,,,Column C (ADS1015_v) is therefore the value in column B (ADS1015-raw) * 0.5 mV * 6 (six is the voltage divider ratio),,,,,,,,,,,,,
2/22/2016 18:20,1385,4.15,727,4.09,,-1.4%,,,Column D (ESP8266_ADC) is the value returned by the 8266 adc.,,,,,,,,,,,,,
2/22/2016 18:25,1380,4.14,727,4.09,,-1.2%,,,"Column E (ESP8266_v) is the column D value multiplied by (0.96v/1024), which is the 1 bit value, and then multiplied by 6 (voltage divider)",,,,,,,,,,,,,
2/22/2016 18:30,1380,4.14,727,4.09,,-1.2%,,,"          The 0.96v reference value is not documented in any ESP8366 manual I could find, but several blog posts mentioned this value for the reference.",,,,,,,,,,,,,
2/22/2016 18:34,1380,4.14,726,4.08,,-1.4%,,,,,,,,,,,,,,,,
2/22/2016 18:39,1380,4.14,726,4.08,,-1.4%,,,,,,,,,,,,,,,,
2/22/2016 18:44,1368,4.1,726,4.08,,-0.5%,,,Observations:,,,,,,,,,,,,,
2/22/2016 18:49,1377,4.13,726,4.08,,-1.2%,,,"ESP8266 adc values are what they are.  Question is, how do these readings map to the ads1015 readings",,,,,,,,,,,,,
2/22/2016 18:54,1378,4.13,726,4.08,,-1.2%,,,Column G is the percentage error that the ESP9266 differs from the ADS1015 (scaled by the voltage divider ratio).,,,,,,,,,,,,,
2/22/2016 18:59,1364,4.09,725,4.08,,-0.2%,,,Error is between 0 % and 2%,,,,,,,,,,,,,
2/22/2016 19:04,1381,4.14,725,4.08,,-1.4%,,,,,,,,,,,,,,,,
2/22/2016 19:08,1379,4.14,725,4.08,,-1.4%,,,,,,,,,,,,,,,,
2/22/2016 19:13,1380,4.14,725,4.08,,-1.4%,,,,,,,,,,,,,,,,
2/22/2016 19:18,1374,4.12,725,4.08,,-1.0%,,,,,,,,,,,,,,,,
2/22/2016 19:23,1379,4.14,724,4.07,,-1.7%,,,,,,,,,,,,,,,,
2/22/2016 19:28,1375,4.12,724,4.07,,-1.2%,,,,,,,,,,,,,,,,
2/22/2016 19:33,1372,4.12,723,4.07,,-1.2%,,,,,,,,,,,,,,,,
2/22/2016 19:38,1373,4.12,722,4.06,,-1.5%,,,,,,,,,,,,,,,,
2/22/2016 19:42,1366,4.1,722,4.06,,-1.0%,,,,,,,,,,,,,,,,
2/22/2016 19:47,1371,4.11,723,4.07,,-1.0%,,,,,,,,,,,,,,,,
2/22/2016 19:52,1362,4.09,722,4.06,,-0.7%,,,,,,,,,,,,,,,,
2/22/2016 19:57,1359,4.08,722,4.06,,-0.5%,,,,,,,,,,,,,,,,
2/22/2016 20:02,1366,4.1,721,4.06,,-1.0%,,,,,,,,,,,,,,,,
2/22/2016 20:07,1370,4.11,722,4.06,,-1.2%,,,,,,,,,,,,,,,,
2/22/2016 20:12,1366,4.1,721,4.06,,-1.0%,,,,,,,,,,,,,,,,
2/22/2016 20:16,1367,4.1,721,4.06,,-1.0%,,,,,,,,,,,,,,,,
2/22/2016 20:21,1373,4.12,721,4.06,,-1.5%,,,,,,,,,,,,,,,,
2/22/2016 20:26,1357,4.07,721,4.06,,-0.2%,,,,,,,,,,,,,,,,
2/22/2016 20:31,1365,4.1,721,4.06,,-1.0%,,,,,,,,,,,,,,,,
2/22/2016 20:36,1368,4.1,720,4.05,,-1.2%,,,,,,,,,,,,,,,,
2/22/2016 20:41,1363,4.09,720,4.05,,-1.0%,,,,,,,,,,,,,,,,
2/22/2016 20:46,1370,4.11,720,4.05,,-1.5%,,,,,,,,,,,,,,,,
2/22/2016 20:50,1369,4.11,720,4.05,,-1.5%,,,,,,,,,,,,,,,,
2/22/2016 20:55,1364,4.09,720,4.05,,-1.0%,,,,,,,,,,,,,,,,
2/22/2016 21:00,1363,4.09,719,4.04,,-1.2%,,,,,,,,,,,,,,,,
2/22/2016 21:05,1361,4.08,719,4.04,,-1.0%,,,,,,,,,,,,,,,,
2/22/2016 21:10,1353,4.06,719,4.04,,-0.5%,,,,,,,,,,,,,,,,
2/22/2016 21:15,1367,4.1,719,4.04,,-1.5%,,,,,,,,,,,,,,,,
2/22/2016 21:20,1367,4.1,719,4.04,,-1.5%,,,,,,,,,,,,,,,,
2/22/2016 21:25,1362,4.09,719,4.04,,-1.2%,,,,,,,,,,,,,,,,
2/22/2016 21:29,1366,4.1,718,4.04,,-1.5%,,,,,,,,,,,,,,,,
2/22/2016 21:34,1362,4.09,719,4.04,,-1.2%,,,,,,,,,,,,,,,,
2/22/2016 21:39,1367,4.1,718,4.04,,-1.5%,,,,,,,,,,,,,,,,
2/22/2016 21:44,1359,4.08,717,4.03,,-1.2%,,,,,,,,,,,,,,,,
2/22/2016 21:49,1365,4.1,718,4.04,,-1.5%,,,,,,,,,,,,,,,,
2/22/2016 21:54,1363,4.09,717,4.03,,-1.5%,,,,,,,,,,,,,,,,
2/22/2016 21:58,1349,4.05,717,4.03,,-0.5%,,,,,,,,,,,,,,,,
2/22/2016 22:03,1359,4.08,717,4.03,,-1.2%,,,,,,,,,,,,,,,,
2/22/2016 22:08,1349,4.05,717,4.03,,-0.5%,,,,,,,,,,,,,,,,
2/22/2016 22:13,1358,4.07,717,4.03,,-1.0%,,,,,,,,,,,,,,,,
2/22/2016 22:18,1359,4.08,716,4.03,,-1.2%,,,,,,,,,,,,,,,,
2/22/2016 22:23,1364,4.09,716,4.03,,-1.5%,,,,,,,,,,,,,,,,
2/22/2016 22:28,1357,4.07,716,4.03,,-1.0%,,,,,,,,,,,,,,,,
2/22/2016 22:33,1355,4.07,716,4.03,,-1.0%,,,,,,,,,,,,,,,,
2/22/2016 22:37,1361,4.08,716,4.03,,-1.2%,,,,,,,,,,,,,,,,
2/22/2016 22:42,1356,4.07,715,4.02,,-1.2%,,,,,,,,,,,,,,,,
2/22/2016 22:47,1355,4.07,715,4.02,,-1.2%,,,,,,,,,,,,,,,,
2/22/2016 22:52,1354,4.06,715,4.02,,-1.0%,,,,,,,,,,,,,,,,
2/22/2016 22:57,1361,4.08,714,4.02,,-1.5%,,,,,,,,,,,,,,,,
2/22/2016 23:02,1354,4.06,714,4.02,,-1.0%,,,,,,,,,,,,,,,,
2/22/2016 23:07,1343,4.03,714,4.02,,-0.2%,,,,,,,,,,,,,,,,
2/22/2016 23:12,1355,4.07,714,4.02,,-1.2%,,,,,,,,,,,,,,,,
2/22/2016 23:16,1355,4.07,714,4.02,,-1.2%,,,,,,,,,,,,,,,,
2/22/2016 23:21,1353,4.06,713,4.01,,-1.2%,,,,,,,,,,,,,,,,
2/22/2016 23:26,1356,4.07,713,4.01,,-1.5%,,,,,,,,,,,,,,,,
2/22/2016 23:31,1352,4.06,713,4.01,,-1.2%,,,,,,,,,,,,,,,,
2/22/2016 23:36,1349,4.05,713,4.01,,-1.0%,,,,,,,,,,,,,,,,
2/22/2016 23:41,1346,4.04,713,4.01,,-0.7%,,,,,,,,,,,,,,,,
2/22/2016 23:46,1352,4.06,712,4,,-1.5%,,,,,,,,,,,,,,,,
2/22/2016 23:50,1344,4.03,712,4,,-0.7%,,,,,,,,,,,,,,,,
2/22/2016 23:55,1340,4.02,712,4,,-0.5%,,,,,,,,,,,,,,,,
2/23/2016 0:00,1353,4.06,712,4,,-1.5%,,,,,,,,,,,,,,,,
2/23/2016 0:05,1352,4.06,711,4,,-1.5%,,,,,,,,,,,,,,,,
2/23/2016 0:10,1349,4.05,711,4,,-1.2%,,,,,,,,,,,,,,,,
2/23/2016 0:15,1346,4.04,711,4,,-1.0%,,,,,,,,,,,,,,,,
2/23/2016 0:20,1341,4.02,711,4,,-0.5%,,,,,,,,,,,,,,,,
2/23/2016 0:24,1355,4.07,711,4,,-1.7%,,,,,,,,,,,,,,,,
2/23/2016 0:29,1339,4.02,711,4,,-0.5%,,,,,,,,,,,,,,,,
2/23/2016 0:34,1335,4.01,710,3.99,,-0.5%,,,,,,,,,,,,,,,,
2/23/2016 0:39,1348,4.04,710,3.99,,-1.2%,,,,,,,,,,,,,,,,
2/23/2016 0:44,1343,4.03,710,3.99,,-1.0%,,,,,,,,,,,,,,,,
2/23/2016 0:49,1335,4.01,710,3.99,,-0.5%,,,,,,,,,,,,,,,,
2/23/2016 0:54,1350,4.05,709,3.99,,-1.5%,,,,,,,,,,,,,,,,
2/23/2016 0:58,1335,4.01,709,3.99,,-0.5%,,,,,,,,,,,,,,,,
2/23/2016 1:03,1347,4.04,709,3.99,,-1.2%,,,,,,,,,,,,,,,,
2/23/2016 1:08,1351,4.05,709,3.99,,-1.5%,,,,,,,,,,,,,,,,
2/23/2016 1:13,1320,3.96,709,3.99,,0.8%,,,,,,,,,,,,,,,,
2/23/2016 1:18,1334,4,708,3.98,,-0.5%,,,,,,,,,,,,,,,,
2/23/2016 1:23,1344,4.03,709,3.99,,-1.0%,,,,,,,,,,,,,,,,
2/23/2016 1:28,1347,4.04,709,3.99,,-1.2%,,,,,,,,,,,,,,,,
2/23/2016 1:33,1347,4.04,708,3.98,,-1.5%,,,,,,,,,,,,,,,,
2/23/2016 1:37,1340,4.02,709,3.99,,-0.7%,,,,,,,,,,,,,,,,
2/23/2016 1:42,1345,4.03,708,3.98,,-1.2%,,,,,,,,,,,,,,,,
2/23/2016 1:47,1332,4,708,3.98,,-0.5%,,,,,,,,,,,,,,,,
2/23/2016 1:52,1329,3.99,708,3.98,,-0.3%,,,,,,,,,,,,,,,,
2/23/2016 1:57,1346,4.04,708,3.98,,-1.5%,,,,,,,,,,,,,,,,
2/23/2016 2:02,1333,4,707,3.98,,-0.5%,,,,,,,,,,,,,,,,
2/23/2016 2:06,1347,4.04,708,3.98,,-1.5%,,,,,,,,,,,,,,,,
2/23/2016 2:11,1331,3.99,707,3.98,,-0.3%,,,,,,,,,,,,,,,,
2/23/2016 2:16,1329,3.99,707,3.98,,-0.3%,,,,,,,,,,,,,,,,
2/23/2016 2:21,1329,3.99,707,3.98,,-0.3%,,,,,,,,,,,,,,,,
2/23/2016 2:26,1329,3.99,706,3.97,,-0.5%,,,,,,,,,,,,,,,,
2/23/2016 2:31,1329,3.99,706,3.97,,-0.5%,,,,,,,,,,,,,,,,
2/23/2016 2:36,1331,3.99,706,3.97,,-0.5%,,,,,,,,,,,,,,,,
2/23/2016 2:40,1330,3.99,705,3.97,,-0.5%,,,,,,,,,,,,,,,,
2/23/2016 2:45,1326,3.98,705,3.97,,-0.3%,,,,,,,,,,,,,,,,
2/23/2016 2:50,1330,3.99,705,3.97,,-0.5%,,,,,,,,,,,,,,,,
2/23/2016 2:55,1327,3.98,705,3.97,,-0.3%,,,,,,,,,,,,,,,,
2/23/2016 3:00,1327,3.98,705,3.97,,-0.3%,,,,,,,,,,,,,,,,
2/23/2016 3:05,1333,4,704,3.96,,-1.0%,,,,,,,,,,,,,,,,
2/23/2016 3:09,1325,3.98,704,3.96,,-0.5%,,,,,,,,,,,,,,,,
2/23/2016 3:14,1340,4.02,704,3.96,,-1.5%,,,,,,,,,,,,,,,,
2/23/2016 3:19,1327,3.98,704,3.96,,-0.5%,,,,,,,,,,,,,,,,
2/23/2016 3:24,1324,3.97,704,3.96,,-0.3%,,,,,,,,,,,,,,,,
2/23/2016 3:29,1336,4.01,704,3.96,,-1.2%,,,,,,,,,,,,,,,,
2/23/2016 3:34,1329,3.99,703,3.95,,-1.0%,,,,,,,,,,,,,,,,
2/23/2016 3:39,1323,3.97,703,3.95,,-0.5%,,,,,,,,,,,,,,,,
2/23/2016 3:44,1322,3.97,703,3.95,,-0.5%,,,,,,,,,,,,,,,,
2/23/2016 3:48,1321,3.96,703,3.95,,-0.3%,,,,,,,,,,,,,,,,
2/23/2016 3:53,1327,3.98,702,3.95,,-0.8%,,,,,,,,,,,,,,,,
2/23/2016 3:58,1321,3.96,702,3.95,,-0.3%,,,,,,,,,,,,,,,,
2/23/2016 4:03,1320,3.96,702,3.95,,-0.3%,,,,,,,,,,,,,,,,
2/23/2016 4:08,1327,3.98,702,3.95,,-0.8%,,,,,,,,,,,,,,,,
2/23/2016 4:13,1325,3.98,702,3.95,,-0.8%,,,,,,,,,,,,,,,,
2/23/2016 4:17,1317,3.95,701,3.94,,-0.3%,,,,,,,,,,,,,,,,
2/23/2016 4:22,1326,3.98,701,3.94,,-1.0%,,,,,,,,,,,,,,,,
2/23/2016 4:27,1316,3.95,701,3.94,,-0.3%,,,,,,,,,,,,,,,,
2/23/2016 4:32,1329,3.99,700,3.94,,-1.3%,,,,,,,,,,,,,,,,
2/23/2016 4:37,1325,3.98,700,3.94,,-1.0%,,,,,,,,,,,,,,,,
2/23/2016 4:42,1321,3.96,699,3.93,,-0.8%,,,,,,,,,,,,,,,,
2/23/2016 4:47,1315,3.95,699,3.93,,-0.5%,,,,,,,,,,,,,,,,
2/23/2016 4:51,1321,3.96,699,3.93,,-0.8%,,,,,,,,,,,,,,,,
2/23/2016 4:56,1316,3.95,699,3.93,,-0.5%,,,,,,,,,,,,,,,,
2/23/2016 5:01,1329,3.99,699,3.93,,-1.5%,,,,,,,,,,,,,,,,
2/23/2016 5:06,1328,3.98,698,3.93,,-1.3%,,,,,,,,,,,,,,,,
2/23/2016 5:11,1320,3.96,698,3.93,,-0.8%,,,,,,,,,,,,,,,,
2/23/2016 5:16,1322,3.97,698,3.93,,-1.0%,,,,,,,,,,,,,,,,
2/23/2016 5:21,1312,3.94,698,3.93,,-0.3%,,,,,,,,,,,,,,,,
2/23/2016 5:25,1313,3.94,698,3.93,,-0.3%,,,,,,,,,,,,,,,,
2/23/2016 5:30,1317,3.95,696,3.91,,-1.0%,,,,,,,,,,,,,,,,
2/23/2016 5:35,1316,3.95,697,3.92,,-0.8%,,,,,,,,,,,,,,,,
2/23/2016 5:40,1309,3.93,696,3.91,,-0.5%,,,,,,,,,,,,,,,,
2/23/2016 5:45,1312,3.94,696,3.91,,-0.8%,,,,,,,,,,,,,,,,
2/23/2016 5:50,1311,3.93,696,3.91,,-0.5%,,,,,,,,,,,,,,,,
2/23/2016 5:54,1310,3.93,696,3.91,,-0.5%,,,,,,,,,,,,,,,,
2/23/2016 5:59,1309,3.93,696,3.91,,-0.5%,,,,,,,,,,,,,,,,
2/23/2016 6:04,1317,3.95,696,3.91,,-1.0%,,,,,,,,,,,,,,,,
2/23/2016 6:09,1307,3.92,695,3.91,,-0.3%,,,,,,,,,,,,,,,,
2/23/2016 6:14,1312,3.94,694,3.9,,-1.0%,,,,,,,,,,,,,,,,
2/23/2016 6:19,1309,3.93,695,3.91,,-0.5%,,,,,,,,,,,,,,,,
2/23/2016 6:24,1307,3.92,695,3.91,,-0.3%,,,,,,,,,,,,,,,,
2/23/2016 6:29,1323,3.97,695,3.91,,-1.5%,,,,,,,,,,,,,,,,
2/23/2016 6:34,1316,3.95,695,3.91,,-1.0%,,,,,,,,,,,,,,,,
2/23/2016 6:39,1314,3.94,694,3.9,,-1.0%,,,,,,,,,,,,,,,,
2/23/2016 6:43,1316,3.95,694,3.9,,-1.3%,,,,,,,,,,,,,,,,
2/23/2016 6:48,1319,3.96,694,3.9,,-1.5%,,,,,,,,,,,,,,,,
2/23/2016 6:53,1307,3.92,694,3.9,,-0.5%,,,,,,,,,,,,,,,,
2/23/2016 6:58,1305,3.91,694,3.9,,-0.3%,,,,,,,,,,,,,,,,
2/23/2016 7:03,1305,3.91,694,3.9,,-0.3%,,,,,,,,,,,,,,,,
2/23/2016 7:08,1316,3.95,694,3.9,,-1.3%,,,,,,,,,,,,,,,,
2/23/2016 7:12,1290,3.87,694,3.9,,0.8%,,,,,,,,,,,,,,,,
2/23/2016 7:17,1316,3.95,694,3.9,,-1.3%,,,,,,,,,,,,,,,,
2/23/2016 7:22,1317,3.95,693,3.9,,-1.3%,,,,,,,,,,,,,,,,
2/23/2016 7:27,1311,3.93,693,3.9,,-0.8%,,,,,,,,,,,,,,,,
2/23/2016 7:32,1316,3.95,693,3.9,,-1.3%,,,,,,,,,,,,,,,,
2/23/2016 7:37,1301,3.9,693,3.9,,0.0%,,,,,,,,,,,,,,,,
2/23/2016 7:42,1303,3.91,692,3.89,,-0.5%,,,,,,,,,,,,,,,,
2/23/2016 7:46,1302,3.91,693,3.9,,-0.3%,,,,,,,,,,,,,,,,
2/23/2016 7:51,1315,3.95,692,3.89,,-1.5%,,,,,,,,,,,,,,,,
2/23/2016 7:56,1302,3.91,692,3.89,,-0.5%,,,,,,,,,,,,,,,,
2/23/2016 8:01,1301,3.9,692,3.89,,-0.3%,,,,,,,,,,,,,,,,
2/23/2016 8:06,1312,3.94,692,3.89,,-1.3%,,,,,,,,,,,,,,,,
2/23/2016 8:11,1309,3.93,692,3.89,,-1.0%,,,,,,,,,,,,,,,,
2/23/2016 8:16,1311,3.93,692,3.89,,-1.0%,,,,,,,,,,,,,,,,
2/23/2016 8:21,1309,3.93,692,3.89,,-1.0%,,,,,,,,,,,,,,,,
2/23/2016 8:25,1311,3.93,692,3.89,,-1.0%,,,,,,,,,,,,,,,,
2/23/2016 8:30,1315,3.95,692,3.89,,-1.5%,,,,,,,,,,,,,,,,
2/23/2016 8:35,1314,3.94,692,3.89,,-1.3%,,,,,,,,,,,,,,,,
2/23/2016 8:40,1314,3.94,692,3.89,,-1.3%,,,,,,,,,,,,,,,,
2/23/2016 8:45,1309,3.93,692,3.89,,-1.0%,,,,,,,,,,,,,,,,
2/23/2016 8:50,1313,3.94,691,3.89,,-1.3%,,,,,,,,,,,,,,,,
2/23/2016 8:55,1307,3.92,692,3.89,,-0.8%,,,,,,,,,,,,,,,,
2/23/2016 8:59,1300,3.9,691,3.89,,-0.3%,,,,,,,,,,,,,,,,
2/23/2016 9:04,1313,3.94,691,3.89,,-1.3%,,,,,,,,,,,,,,,,
2/23/2016 9:09,1312,3.94,691,3.89,,-1.3%,,,,,,,,,,,,,,,,
2/23/2016 9:14,1315,3.95,691,3.89,,-1.5%,,,,,,,,,,,,,,,,
2/23/2016 9:19,1308,3.92,691,3.89,,-0.8%,,,,,,,,,,,,,,,,
2/23/2016 9:24,1298,3.89,690,3.88,,-0.3%,,,,,,,,,,,,,,,,
2/23/2016 9:28,1296,3.89,690,3.88,,-0.3%,,,,,,,,,,,,,,,,
2/23/2016 9:33,1310,3.93,691,3.89,,-1.0%,,,,,,,,,,,,,,,,
2/23/2016 9:38,1301,3.9,689,3.88,,-0.5%,,,,,,,,,,,,,,,,
2/23/2016 9:43,1302,3.91,690,3.88,,-0.8%,,,,,,,,,,,,,,,,
2/23/2016 9:48,1314,3.94,690,3.88,,-1.5%,,,,,,,,,,,,,,,,
2/23/2016 9:53,1307,3.92,690,3.88,,-1.0%,,,,,,,,,,,,,,,,
2/23/2016 9:58,1311,3.93,690,3.88,,-1.3%,,,,,,,,,,,,,,,,
2/23/2016 10:02,1296,3.89,689,3.88,,-0.3%,,,,,,,,,,,,,,,,
2/23/2016 10:07,1308,3.92,690,3.88,,-1.0%,,,,,,,,,,,,,,,,
2/23/2016 10:12,1312,3.94,690,3.88,,-1.5%,,,,,,,,,,,,,,,,
2/23/2016 10:17,1307,3.92,688,3.87,,-1.3%,,,,,,,,,,,,,,,,
2/23/2016 10:22,1306,3.92,688,3.87,,-1.3%,,,,,,,,,,,,,,,,
2/23/2016 10:27,1308,3.92,688,3.87,,-1.3%,,,,,,,,,,,,,,,,
2/23/2016 10:32,1296,3.89,688,3.87,,-0.5%,,,,,,,,,,,,,,,,
2/23/2016 10:36,1306,3.92,688,3.87,,-1.3%,,,,,,,,,,,,,,,,
2/23/2016 10:41,1305,3.91,687,3.86,,-1.3%,,,,,,,,,,,,,,,,
2/23/2016 10:46,1307,3.92,687,3.86,,-1.5%,,,,,,,,,,,,,,,,
2/23/2016 10:51,1309,3.93,687,3.86,,-1.8%,,,,,,,,,,,,,,,,
2/23/2016 10:56,1304,3.91,687,3.86,,-1.3%,,,,,,,,,,,,,,,,
2/23/2016 11:01,1297,3.89,687,3.86,,-0.8%,,,,,,,,,,,,,,,,
2/23/2016 11:06,1306,3.92,687,3.86,,-1.5%,,,,,,,,,,,,,,,,
2/23/2016 11:10,1305,3.91,687,3.86,,-1.3%,,,,,,,,,,,,,,,,
2/23/2016 11:15,1309,3.93,687,3.86,,-1.8%,,,,,,,,,,,,,,,,
2/23/2016 11:20,1299,3.9,686,3.86,,-1.0%,,,,,,,,,,,,,,,,
2/23/2016 11:25,1299,3.9,686,3.86,,-1.0%,,,,,,,,,,,,,,,,
2/23/2016 11:30,1302,3.91,686,3.86,,-1.3%,,,,,,,,,,,,,,,,
2/23/2016 11:35,1297,3.89,685,3.85,,-1.0%,,,,,,,,,,,,,,,,
2/23/2016 11:40,1304,3.91,686,3.86,,-1.3%,,,,,,,,,,,,,,,,
2/23/2016 11:45,1304,3.91,686,3.86,,-1.3%,,,,,,,,,,,,,,,,
2/23/2016 11:49,1299,3.9,686,3.86,,-1.0%,,,,,,,,,,,,,,,,
2/23/2016 11:54,1296,3.89,686,3.86,,-0.8%,,,,,,,,,,,,,,,,
2/23/2016 11:59,1299,3.9,685,3.85,,-1.3%,,,,,,,,,,,,,,,,
2/23/2016 12:04,1293,3.88,685,3.85,,-0.8%,,,,,,,,,,,,,,,,
2/23/2016 12:09,1300,3.9,685,3.85,,-1.3%,,,,,,,,,,,,,,,,
2/23/2016 12:14,1302,3.91,685,3.85,,-1.5%,,,,,,,,,,,,,,,,
2/23/2016 12:19,1298,3.89,685,3.85,,-1.0%,,,,,,,,,,,,,,,,
2/23/2016 12:23,1298,3.89,684,3.85,,-1.0%,,,,,,,,,,,,,,,,
2/23/2016 12:28,1293,3.88,685,3.85,,-0.8%,,,,,,,,,,,,,,,,
2/23/2016 12:33,1302,3.91,684,3.85,,-1.5%,,,,,,,,,,,,,,,,
2/23/2016 12:38,1300,3.9,684,3.85,,-1.3%,,,,,,,,,,,,,,,,
2/23/2016 12:43,1294,3.88,685,3.85,,-0.8%,,,,,,,,,,,,,,,,
2/23/2016 12:48,1301,3.9,684,3.85,,-1.3%,,,,,,,,,,,,,,,,
2/23/2016 12:53,1300,3.9,684,3.85,,-1.3%,,,,,,,,,,,,,,,,
2/23/2016 12:57,1292,3.88,684,3.85,,-0.8%,,,,,,,,,,,,,,,,
2/23/2016 13:02,1294,3.88,684,3.85,,-0.8%,,,,,,,,,,,,,,,,
2/23/2016 13:07,1297,3.89,684,3.85,,-1.0%,,,,,,,,,,,,,,,,
2/23/2016 13:12,1298,3.89,684,3.85,,-1.0%,,,,,,,,,,,,,,,,
2/23/2016 13:17,1299,3.9,683,3.84,,-1.5%,,,,,,,,,,,,,,,,
2/23/2016 13:22,1298,3.89,683,3.84,,-1.3%,,,,,,,,,,,,,,,,
2/23/2016 13:27,1295,3.88,683,3.84,,-1.0%,,,,,,,,,,,,,,,,
2/23/2016 13:32,1293,3.88,683,3.84,,-1.0%,,,,,,,,,,,,,,,,
2/23/2016 13:36,1293,3.88,683,3.84,,-1.0%,,,,,,,,,,,,,,,,
2/23/2016 13:41,1294,3.88,683,3.84,,-1.0%,,,,,,,,,,,,,,,,
2/23/2016 13:46,1292,3.88,683,3.84,,-1.0%,,,,,,,,,,,,,,,,
2/23/2016 13:51,1286,3.86,682,3.84,,-0.5%,,,,,,,,,,,,,,,,
2/23/2016 13:56,1295,3.88,682,3.84,,-1.0%,,,,,,,,,,,,,,,,
2/23/2016 14:01,1298,3.89,682,3.84,,-1.3%,,,,,,,,,,,,,,,,
2/23/2016 14:06,1290,3.87,683,3.84,,-0.8%,,,,,,,,,,,,,,,,
2/23/2016 14:10,1291,3.87,682,3.84,,-0.8%,,,,,,,,,,,,,,,,
2/23/2016 14:15,1285,3.86,681,3.83,,-0.8%,,,,,,,,,,,,,,,,
2/23/2016 14:20,1293,3.88,681,3.83,,-1.3%,,,,,,,,,,,,,,,,
2/23/2016 14:25,1293,3.88,681,3.83,,-1.3%,,,,,,,,,,,,,,,,
2/23/2016 14:30,1290,3.87,681,3.83,,-1.0%,,,,,,,,,,,,,,,,
2/23/2016 14:35,1267,3.8,681,3.83,,0.8%,,,,,,,,,,,,,,,,
2/23/2016 14:40,1291,3.87,681,3.83,,-1.0%,,,,,,,,,,,,,,,,
2/23/2016 14:44,1289,3.87,681,3.83,,-1.0%,,,,,,,,,,,,,,,,
2/23/2016 14:49,1287,3.86,681,3.83,,-0.8%,,,,,,,,,,,,,,,,
2/23/2016 14:54,1287,3.86,680,3.82,,-1.0%,,,,,,,,,,,,,,,,
2/23/2016 14:59,1285,3.86,680,3.82,,-1.0%,,,,,,,,,,,,,,,,
2/23/2016 15:04,1293,3.88,680,3.82,,-1.5%,,,,,,,,,,,,,,,,
2/23/2016 15:09,1294,3.88,679,3.82,,-1.5%,,,,,,,,,,,,,,,,
2/23/2016 15:14,1290,3.87,679,3.82,,-1.3%,,,,,,,,,,,,,,,,
2/23/2016 15:18,1277,3.83,679,3.82,,-0.3%,,,,,,,,,,,,,,,,
2/23/2016 15:23,1285,3.86,679,3.82,,-1.0%,,,,,,,,,,,,,,,,
2/23/2016 15:28,1283,3.85,679,3.82,,-0.8%,,,,,,,,,,,,,,,,
2/23/2016 15:33,1276,3.83,679,3.82,,-0.3%,,,,,,,,,,,,,,,,
2/23/2016 15:38,1283,3.85,678,3.81,,-1.0%,,,,,,,,,,,,,,,,
2/23/2016 15:43,1284,3.85,678,3.81,,-1.0%,,,,,,,,,,,,,,,,
2/23/2016 15:48,1291,3.87,678,3.81,,-1.6%,,,,,,,,,,,,,,,,
2/23/2016 15:52,1284,3.85,678,3.81,,-1.0%,,,,,,,,,,,,,,,,
2/23/2016 15:57,1287,3.86,678,3.81,,-1.3%,,,,,,,,,,,,,,,,
2/23/2016 16:02,1290,3.87,677,3.81,,-1.6%,,,,,,,,,,,,,,,,
2/23/2016 16:07,1285,3.86,677,3.81,,-1.3%,,,,,,,,,,,,,,,,
2/23/2016 16:12,1272,3.82,677,3.81,,-0.3%,,,,,,,,,,,,,,,,
2/23/2016 16:17,1287,3.86,677,3.81,,-1.3%,,,,,,,,,,,,,,,,
2/23/2016 16:22,1286,3.86,677,3.81,,-1.3%,,,,,,,,,,,,,,,,
2/23/2016 16:27,1283,3.85,677,3.81,,-1.0%,,,,,,,,,,,,,,,,
2/23/2016 16:31,1287,3.86,677,3.81,,-1.3%,,,,,,,,,,,,,,,,
2/23/2016 16:36,1279,3.84,677,3.81,,-0.8%,,,,,,,,,,,,,,,,
2/23/2016 16:41,1281,3.84,677,3.81,,-0.8%,,,,,,,,,,,,,,,,
2/23/2016 16:46,1286,3.86,676,3.8,,-1.6%,,,,,,,,,,,,,,,,
2/23/2016 16:51,1280,3.84,676,3.8,,-1.0%,,,,,,,,,,,,,,,,
2/23/2016 16:56,1271,3.81,676,3.8,,-0.3%,,,,,,,,,,,,,,,,
2/23/2016 17:01,1279,3.84,676,3.8,,-1.0%,,,,,,,,,,,,,,,,
2/23/2016 17:05,1279,3.84,675,3.8,,-1.0%,,,,,,,,,,,,,,,,
2/23/2016 17:10,1281,3.84,676,3.8,,-1.0%,,,,,,,,,,,,,,,,
2/23/2016 17:15,1281,3.84,675,3.8,,-1.0%,,,,,,,,,,,,,,,,
2/23/2016 17:20,1283,3.85,675,3.8,,-1.3%,,,,,,,,,,,,,,,,
2/23/2016 17:25,1278,3.83,675,3.8,,-0.8%,,,,,,,,,,,,,,,,
2/23/2016 17:30,1280,3.84,674,3.79,,-1.3%,,,,,,,,,,,,,,,,
2/23/2016 17:34,1276,3.83,674,3.79,,-1.0%,,,,,,,,,,,,,,,,
2/23/2016 17:39,1268,3.8,674,3.79,,-0.3%,,,,,,,,,,,,,,,,
2/23/2016 17:44,1276,3.83,674,3.79,,-1.0%,,,,,,,,,,,,,,,,
2/23/2016 17:49,1279,3.84,674,3.79,,-1.3%,,,,,,,,,,,,,,,,
2/23/2016 17:54,1276,3.83,674,3.79,,-1.0%,,,,,,,,,,,,,,,,
2/23/2016 17:59,1268,3.8,673,3.79,,-0.3%,,,,,,,,,,,,,,,,
2/23/2016 18:04,1274,3.82,673,3.79,,-0.8%,,,,,,,,,,,,,,,,
2/23/2016 18:08,1278,3.83,673,3.79,,-1.0%,,,,,,,,,,,,,,,,
2/23/2016 18:13,1262,3.79,672,3.78,,-0.3%,,,,,,,,,,,,,,,,
2/23/2016 18:18,1280,3.84,673,3.79,,-1.3%,,,,,,,,,,,,,,,,
2/23/2016 18:23,1263,3.79,672,3.78,,-0.3%,,,,,,,,,,,,,,,,
2/23/2016 18:28,1269,3.81,672,3.78,,-0.8%,,,,,,,,,,,,,,,,
2/23/2016 18:33,1270,3.81,670,3.77,,-1.0%,,,,,,,,,,,,,,,,
2/23/2016 18:38,1263,3.79,672,3.78,,-0.3%,,,,,,,,,,,,,,,,
2/23/2016 18:43,1261,3.78,671,3.77,,-0.3%,,,,,,,,,,,,,,,,
2/23/2016 18:47,1259,3.78,671,3.77,,-0.3%,,,,,,,,,,,,,,,,
2/23/2016 18:52,1258,3.77,670,3.77,,0.0%,,,,,,,,,,,,,,,,
2/23/2016 18:57,1262,3.79,670,3.77,,-0.5%,,,,,,,,,,,,,,,,
2/23/2016 19:02,1275,3.82,670,3.77,,-1.3%,,,,,,,,,,,,,,,,
2/23/2016 19:07,1260,3.78,670,3.77,,-0.3%,,,,,,,,,,,,,,,,
2/23/2016 19:12,1261,3.78,670,3.77,,-0.3%,,,,,,,,,,,,,,,,
2/23/2016 19:17,1275,3.82,670,3.77,,-1.3%,,,,,,,,,,,,,,,,
2/23/2016 19:22,1261,3.78,669,3.76,,-0.5%,,,,,,,,,,,,,,,,
2/23/2016 19:26,1275,3.82,669,3.76,,-1.6%,,,,,,,,,,,,,,,,
2/23/2016 19:31,1261,3.78,669,3.76,,-0.5%,,,,,,,,,,,,,,,,
2/23/2016 19:36,1258,3.77,669,3.76,,-0.3%,,,,,,,,,,,,,,,,
2/23/2016 19:41,1255,3.76,669,3.76,,0.0%,,,,,,,,,,,,,,,,
2/23/2016 19:46,1272,3.82,669,3.76,,-1.6%,,,,,,,,,,,,,,,,
2/23/2016 19:51,1273,3.82,669,3.76,,-1.6%,,,,,,,,,,,,,,,,
2/23/2016 19:56,1271,3.81,668,3.76,,-1.3%,,,,,,,,,,,,,,,,
2/23/2016 20:00,1261,3.78,669,3.76,,-0.5%,,,,,,,,,,,,,,,,
2/23/2016 20:05,1264,3.79,669,3.76,,-0.8%,,,,,,,,,,,,,,,,
2/23/2016 20:10,1255,3.76,668,3.76,,0.0%,,,,,,,,,,,,,,,,
2/23/2016 20:15,1263,3.79,669,3.76,,-0.8%,,,,,,,,,,,,,,,,
2/23/2016 20:20,1267,3.8,668,3.76,,-1.1%,,,,,,,,,,,,,,,,
2/23/2016 20:25,1267,3.8,668,3.76,,-1.1%,,,,,,,,,,,,,,,,
2/23/2016 20:30,1267,3.8,668,3.76,,-1.1%,,,,,,,,,,,,,,,,
2/23/2016 20:34,1270,3.81,668,3.76,,-1.3%,,,,,,,,,,,,,,,,
2/23/2016 20:39,1263,3.79,668,3.76,,-0.8%,,,,,,,,,,,,,,,,
2/23/2016 20:44,1271,3.81,668,3.76,,-1.3%,,,,,,,,,,,,,,,,
2/23/2016 20:49,1268,3.8,668,3.76,,-1.1%,,,,,,,,,,,,,,,,
2/23/2016 20:54,1267,3.8,668,3.76,,-1.1%,,,,,,,,,,,,,,,,
2/23/2016 20:59,1262,3.79,668,3.76,,-0.8%,,,,,,,,,,,,,,,,
2/23/2016 21:04,1265,3.8,668,3.76,,-1.1%,,,,,,,,,,,,,,,,
2/23/2016 21:08,1266,3.8,668,3.76,,-1.1%,,,,,,,,,,,,,,,,
2/23/2016 21:13,1270,3.81,668,3.76,,-1.3%,,,,,,,,,,,,,,,,
2/23/2016 21:18,1264,3.79,667,3.75,,-1.1%,,,,,,,,,,,,,,,,
2/23/2016 21:23,1264,3.79,667,3.75,,-1.1%,,,,,,,,,,,,,,,,
2/23/2016 21:28,1264,3.79,667,3.75,,-1.1%,,,,,,,,,,,,,,,,
2/23/2016 21:33,1253,3.76,667,3.75,,-0.3%,,,,,,,,,,,,,,,,
2/23/2016 21:38,1260,3.78,667,3.75,,-0.8%,,,,,,,,,,,,,,,,
2/23/2016 21:42,1269,3.81,667,3.75,,-1.6%,,,,,,,,,,,,,,,,
2/23/2016 21:47,1263,3.79,667,3.75,,-1.1%,,,,,,,,,,,,,,,,
2/23/2016 21:52,1268,3.8,667,3.75,,-1.3%,,,,,,,,,,,,,,,,
2/23/2016 21:57,1268,3.8,667,3.75,,-1.3%,,,,,,,,,,,,,,,,
2/23/2016 22:02,1269,3.81,667,3.75,,-1.6%,,,,,,,,,,,,,,,,
2/23/2016 22:07,1268,3.8,666,3.75,,-1.3%,,,,,,,,,,,,,,,,
2/23/2016 22:12,1264,3.79,666,3.75,,-1.1%,,,,,,,,,,,,,,,,
2/23/2016 22:17,1260,3.78,666,3.75,,-0.8%,,,,,,,,,,,,,,,,
2/23/2016 22:21,1264,3.79,666,3.75,,-1.1%,,,,,,,,,,,,,,,,
2/23/2016 22:26,1259,3.78,666,3.75,,-0.8%,,,,,,,,,,,,,,,,
2/23/2016 22:31,1260,3.78,666,3.75,,-0.8%,,,,,,,,,,,,,,,,
2/23/2016 22:36,1256,3.77,666,3.75,,-0.5%,,,,,,,,,,,,,,,,
2/23/2016 22:41,1251,3.75,666,3.75,,0.0%,,,,,,,,,,,,,,,,
2/23/2016 22:46,1262,3.79,666,3.75,,-1.1%,,,,,,,,,,,,,,,,
2/23/2016 22:50,1264,3.79,666,3.75,,-1.1%,,,,,,,,,,,,,,,,
2/23/2016 22:55,1262,3.79,666,3.75,,-1.1%,,,,,,,,,,,,,,,,
2/23/2016 23:00,1260,3.78,665,3.74,,-1.1%,,,,,,,,,,,,,,,,
2/23/2016 23:05,1263,3.79,666,3.75,,-1.1%,,,,,,,,,,,,,,,,
2/23/2016 23:10,1263,3.79,665,3.74,,-1.3%,,,,,,,,,,,,,,,,
2/23/2016 23:15,1250,3.75,665,3.74,,-0.3%,,,,,,,,,,,,,,,,
2/23/2016 23:20,1263,3.79,665,3.74,,-1.3%,,,,,,,,,,,,,,,,
2/23/2016 23:25,1257,3.77,665,3.74,,-0.8%,,,,,,,,,,,,,,,,
2/23/2016 23:29,1259,3.78,665,3.74,,-1.1%,,,,,,,,,,,,,,,,
2/23/2016 23:34,1259,3.78,665,3.74,,-1.1%,,,,,,,,,,,,,,,,
2/23/2016 23:39,1249,3.75,665,3.74,,-0.3%,,,,,,,,,,,,,,,,
2/23/2016 23:44,1264,3.79,665,3.74,,-1.3%,,,,,,,,,,,,,,,,
2/23/2016 23:49,1248,3.74,665,3.74,,0.0%,,,,,,,,,,,,,,,,
2/23/2016 23:54,1264,3.79,665,3.74,,-1.3%,,,,,,,,,,,,,,,,
2/23/2016 23:59,1245,3.74,665,3.74,,0.0%,,,,,,,,,,,,,,,,
2/24/2016 0:03,1250,3.75,665,3.74,,-0.3%,,,,,,,,,,,,,,,,
2/24/2016 0:08,1258,3.77,665,3.74,,-0.8%,,,,,,,,,,,,,,,,
2/24/2016 0:13,1260,3.78,664,3.74,,-1.1%,,,,,,,,,,,,,,,,
2/24/2016 0:18,1255,3.76,664,3.74,,-0.5%,,,,,,,,,,,,,,,,
2/24/2016 0:23,1244,3.73,664,3.74,,0.3%,,,,,,,,,,,,,,,,
2/24/2016 0:28,1256,3.77,664,3.74,,-0.8%,,,,,,,,,,,,,,,,
2/24/2016 0:32,1256,3.77,664,3.74,,-0.8%,,,,,,,,,,,,,,,,
2/24/2016 0:37,1259,3.78,665,3.74,,-1.1%,,,,,,,,,,,,,,,,
2/24/2016 0:42,1264,3.79,665,3.74,,-1.3%,,,,,,,,,,,,,,,,
2/24/2016 0:47,1255,3.76,664,3.74,,-0.5%,,,,,,,,,,,,,,,,
2/24/2016 0:52,1257,3.77,664,3.74,,-0.8%,,,,,,,,,,,,,,,,
2/24/2016 0:57,1262,3.79,664,3.74,,-1.3%,,,,,,,,,,,,,,,,
2/24/2016 1:02,1252,3.76,664,3.74,,-0.5%,,,,,,,,,,,,,,,,
2/24/2016 1:06,1259,3.78,664,3.74,,-1.1%,,,,,,,,,,,,,,,,
2/24/2016 1:11,1256,3.77,664,3.74,,-0.8%,,,,,,,,,,,,,,,,
2/24/2016 1:16,1255,3.76,663,3.73,,-0.8%,,,,,,,,,,,,,,,,
2/24/2016 1:21,1253,3.76,663,3.73,,-0.8%,,,,,,,,,,,,,,,,
2/24/2016 1:26,1261,3.78,663,3.73,,-1.3%,,,,,,,,,,,,,,,,
2/24/2016 1:31,1246,3.74,662,3.72,,-0.5%,,,,,,,,,,,,,,,,
2/24/2016 1:36,1256,3.77,663,3.73,,-1.1%,,,,,,,,,,,,,,,,
2/24/2016 1:40,1246,3.74,662,3.72,,-0.5%,,,,,,,,,,,,,,,,
2/24/2016 1:45,1248,3.74,662,3.72,,-0.5%,,,,,,,,,,,,,,,,
2/24/2016 1:50,1255,3.76,662,3.72,,-1.1%,,,,,,,,,,,,,,,,
2/24/2016 1:55,1255,3.76,662,3.72,,-1.1%,,,,,,,,,,,,,,,,
2/24/2016 2:00,1246,3.74,662,3.72,,-0.5%,,,,,,,,,,,,,,,,
2/24/2016 2:05,1257,3.77,662,3.72,,-1.3%,,,,,,,,,,,,,,,,
2/24/2016 2:10,1255,3.76,661,3.72,,-1.1%,,,,,,,,,,,,,,,,
2/24/2016 2:14,1254,3.76,662,3.72,,-1.1%,,,,,,,,,,,,,,,,
2/24/2016 2:19,1239,3.72,661,3.72,,0.0%,,,,,,,,,,,,,,,,
2/24/2016 2:24,1259,3.78,662,3.72,,-1.6%,,,,,,,,,,,,,,,,
2/24/2016 2:29,1255,3.76,662,3.72,,-1.1%,,,,,,,,,,,,,,,,
2/24/2016 2:34,1247,3.74,661,3.72,,-0.5%,,,,,,,,,,,,,,,,
2/24/2016 2:39,1251,3.75,662,3.72,,-0.8%,,,,,,,,,,,,,,,,
2/24/2016 2:44,1250,3.75,661,3.72,,-0.8%,,,,,,,,,,,,,,,,
2/24/2016 2:48,1254,3.76,661,3.72,,-1.1%,,,,,,,,,,,,,,,,
2/24/2016 2:53,1256,3.77,661,3.72,,-1.3%,,,,,,,,,,,,,,,,
2/24/2016 2:58,1251,3.75,661,3.72,,-0.8%,,,,,,,,,,,,,,,,
2/24/2016 3:03,1251,3.75,661,3.72,,-0.8%,,,,,,,,,,,,,,,,
2/24/2016 3:08,1240,3.72,661,3.72,,0.0%,,,,,,,,,,,,,,,,
2/24/2016 3:13,1238,3.71,660,3.71,,0.0%,,,,,,,,,,,,,,,,
2/24/2016 3:18,1254,3.76,661,3.72,,-1.1%,,,,,,,,,,,,,,,,
2/24/2016 3:22,1242,3.73,660,3.71,,-0.5%,,,,,,,,,,,,,,,,
2/24/2016 3:27,1249,3.75,660,3.71,,-1.1%,,,,,,,,,,,,,,,,
2/24/2016 3:32,1257,3.77,661,3.72,,-1.3%,,,,,,,,,,,,,,,,
2/24/2016 3:37,1254,3.76,661,3.72,,-1.1%,,,,,,,,,,,,,,,,
2/24/2016 3:42,1256,3.77,660,3.71,,-1.6%,,,,,,,,,,,,,,,,
2/24/2016 3:47,1243,3.73,661,3.72,,-0.3%,,,,,,,,,,,,,,,,
2/24/2016 3:52,1251,3.75,660,3.71,,-1.1%,,,,,,,,,,,,,,,,
2/24/2016 3:57,1251,3.75,661,3.72,,-0.8%,,,,,,,,,,,,,,,,
2/24/2016 4:01,1249,3.75,660,3.71,,-1.1%,,,,,,,,,,,,,,,,
2/24/2016 4:06,1249,3.75,660,3.71,,-1.1%,,,,,,,,,,,,,,,,
2/24/2016 4:11,1234,3.7,660,3.71,,0.3%,,,,,,,,,,,,,,,,
2/24/2016 4:16,1250,3.75,660,3.71,,-1.1%,,,,,,,,,,,,,,,,
2/24/2016 4:21,1248,3.74,660,3.71,,-0.8%,,,,,,,,,,,,,,,,
2/24/2016 4:26,1250,3.75,660,3.71,,-1.1%,,,,,,,,,,,,,,,,
2/24/2016 4:30,1251,3.75,660,3.71,,-1.1%,,,,,,,,,,,,,,,,
2/24/2016 4:35,1241,3.72,660,3.71,,-0.3%,,,,,,,,,,,,,,,,
2/24/2016 4:40,1255,3.76,660,3.71,,-1.3%,,,,,,,,,,,,,,,,
2/24/2016 4:45,1249,3.75,660,3.71,,-1.1%,,,,,,,,,,,,,,,,
2/24/2016 4:50,1238,3.71,659,3.71,,0.0%,,,,,,,,,,,,,,,,
2/24/2016 4:55,1249,3.75,660,3.71,,-1.1%,,,,,,,,,,,,,,,,
2/24/2016 5:00,1248,3.74,660,3.71,,-0.8%,,,,,,,,,,,,,,,,
2/24/2016 5:05,1249,3.75,660,3.71,,-1.1%,,,,,,,,,,,,,,,,
2/24/2016 5:09,1251,3.75,660,3.71,,-1.1%,,,,,,,,,,,,,,,,
2/24/2016 5:14,1253,3.76,660,3.71,,-1.3%,,,,,,,,,,,,,,,,
2/24/2016 5:19,1224,3.67,659,3.71,,1.1%,,,,,,,,,,,,,,,,
2/24/2016 5:24,1252,3.76,659,3.71,,-1.3%,,,,,,,,,,,,,,,,
2/24/2016 5:29,1231,3.69,659,3.71,,0.5%,,,,,,,,,,,,,,,,
2/24/2016 5:34,1247,3.74,659,3.71,,-0.8%,,,,,,,,,,,,,,,,
2/24/2016 5:39,1256,3.77,659,3.71,,-1.6%,,,,,,,,,,,,,,,,
2/24/2016 5:43,1245,3.74,659,3.71,,-0.8%,,,,,,,,,,,,,,,,
2/24/2016 5:48,1248,3.74,659,3.71,,-0.8%,,,,,,,,,,,,,,,,
2/24/2016 5:53,1246,3.74,660,3.71,,-0.8%,,,,,,,,,,,,,,,,
2/24/2016 5:58,1253,3.76,659,3.71,,-1.3%,,,,,,,,,,,,,,,,
2/24/2016 6:03,1237,3.71,659,3.71,,0.0%,,,,,,,,,,,,,,,,
2/24/2016 6:08,1250,3.75,660,3.71,,-1.1%,,,,,,,,,,,,,,,,
2/24/2016 6:13,1246,3.74,659,3.71,,-0.8%,,,,,,,,,,,,,,,,
2/24/2016 6:17,1247,3.74,659,3.71,,-0.8%,,,,,,,,,,,,,,,,
2/24/2016 6:22,1231,3.69,658,3.7,,0.3%,,,,,,,,,,,,,,,,
2/24/2016 6:27,1253,3.76,659,3.71,,-1.3%,,,,,,,,,,,,,,,,
2/24/2016 6:32,1242,3.73,659,3.71,,-0.5%,,,,,,,,,,,,,,,,
2/24/2016 6:37,1248,3.74,659,3.71,,-0.8%,,,,,,,,,,,,,,,,
2/24/2016 6:42,1249,3.75,659,3.71,,-1.1%,,,,,,,,,,,,,,,,
2/24/2016 6:47,1247,3.74,659,3.71,,-0.8%,,,,,,,,,,,,,,,,
2/24/2016 6:51,1241,3.72,659,3.71,,-0.3%,,,,,,,,,,,,,,,,
2/24/2016 6:56,1242,3.73,659,3.71,,-0.5%,,,,,,,,,,,,,,,,
2/24/2016 7:01,1247,3.74,659,3.71,,-0.8%,,,,,,,,,,,,,,,,
2/24/2016 7:06,1248,3.74,659,3.71,,-0.8%,,,,,,,,,,,,,,,,
2/24/2016 7:11,1249,3.75,659,3.71,,-1.1%,,,,,,,,,,,,,,,,
2/24/2016 7:16,1246,3.74,658,3.7,,-1.1%,,,,,,,,,,,,,,,,
2/24/2016 7:21,1246,3.74,658,3.7,,-1.1%,,,,,,,,,,,,,,,,
2/24/2016 7:25,1247,3.74,659,3.71,,-0.8%,,,,,,,,,,,,,,,,
2/24/2016 7:30,1247,3.74,658,3.7,,-1.1%,,,,,,,,,,,,,,,,
2/24/2016 7:35,1249,3.75,658,3.7,,-1.3%,,,,,,,,,,,,,,,,
2/24/2016 7:40,1234,3.7,658,3.7,,0.0%,,,,,,,,,,,,,,,,
2/24/2016 7:45,1238,3.71,658,3.7,,-0.3%,,,,,,,,,,,,,,,,
2/24/2016 7:50,1244,3.73,659,3.71,,-0.5%,,,,,,,,,,,,,,,,
2/24/2016 7:55,1252,3.76,659,3.71,,-1.3%,,,,,,,,,,,,,,,,
2/24/2016 7:59,1245,3.74,658,3.7,,-1.1%,,,,,,,,,,,,,,,,
2/24/2016 8:04,1242,3.73,658,3.7,,-0.8%,,,,,,,,,,,,,,,,
2/24/2016 8:09,1244,3.73,658,3.7,,-0.8%,,,,,,,,,,,,,,,,
2/24/2016 8:14,1242,3.73,658,3.7,,-0.8%,,,,,,,,,,,,,,,,
2/24/2016 8:19,1244,3.73,657,3.7,,-0.8%,,,,,,,,,,,,,,,,
2/24/2016 8:24,1245,3.74,658,3.7,,-1.1%,,,,,,,,,,,,,,,,
2/24/2016 8:29,1245,3.74,658,3.7,,-1.1%,,,,,,,,,,,,,,,,
2/24/2016 8:33,1240,3.72,657,3.7,,-0.5%,,,,,,,,,,,,,,,,
2/24/2016 8:38,1251,3.75,658,3.7,,-1.3%,,,,,,,,,,,,,,,,
2/24/2016 8:43,1250,3.75,658,3.7,,-1.3%,,,,,,,,,,,,,,,,
2/24/2016 8:48,1242,3.73,657,3.7,,-0.8%,,,,,,,,,,,,,,,,
2/24/2016 8:53,1242,3.73,658,3.7,,-0.8%,,,,,,,,,,,,,,,,
2/24/2016 8:58,1246,3.74,657,3.7,,-1.1%,,,,,,,,,,,,,,,,
2/24/2016 9:03,1247,3.74,657,3.7,,-1.1%,,,,,,,,,,,,,,,,
2/24/2016 9:08,1240,3.72,657,3.7,,-0.5%,,,,,,,,,,,,,,,,
2/24/2016 9:12,1230,3.69,657,3.7,,0.3%,,,,,,,,,,,,,,,,
2/24/2016 9:17,1249,3.75,657,3.7,,-1.3%,,,,,,,,,,,,,,,,
2/24/2016 9:22,1231,3.69,657,3.7,,0.3%,,,,,,,,,,,,,,,,
2/24/2016 9:27,1245,3.74,657,3.7,,-1.1%,,,,,,,,,,,,,,,,
2/24/2016 9:32,1231,3.69,657,3.7,,0.3%,,,,,,,,,,,,,,,,
2/24/2016 9:37,1245,3.74,657,3.7,,-1.1%,,,,,,,,,,,,,,,,
2/24/2016 9:41,1249,3.75,657,3.7,,-1.3%,,,,,,,,,,,,,,,,
2/24/2016 9:46,1244,3.73,657,3.7,,-0.8%,,,,,,,,,,,,,,,,
2/24/2016 9:51,1242,3.73,657,3.7,,-0.8%,,,,,,,,,,,,,,,,
2/24/2016 9:56,1249,3.75,657,3.7,,-1.3%,,,,,,,,,,,,,,,,
2/24/2016 10:01,1238,3.71,657,3.7,,-0.3%,,,,,,,,,,,,,,,,
2/24/2016 10:06,1242,3.73,657,3.7,,-0.8%,,,,,,,,,,,,,,,,
2/24/2016 10:11,1248,3.74,656,3.69,,-1.3%,,,,,,,,,,,,,,,,
2/24/2016 10:15,1248,3.74,656,3.69,,-1.3%,,,,,,,,,,,,,,,,
2/24/2016 10:20,1248,3.74,657,3.7,,-1.1%,,,,,,,,,,,,,,,,
2/24/2016 10:25,1245,3.74,656,3.69,,-1.3%,,,,,,,,,,,,,,,,
2/24/2016 10:30,1234,3.7,656,3.69,,-0.3%,,,,,,,,,,,,,,,,
2/24/2016 10:35,1246,3.74,656,3.69,,-1.3%,,,,,,,,,,,,,,,,
2/24/2016 10:40,1243,3.73,656,3.69,,-1.1%,,,,,,,,,,,,,,,,
2/24/2016 10:45,1239,3.72,656,3.69,,-0.8%,,,,,,,,,,,,,,,,
2/24/2016 10:49,1239,3.72,656,3.69,,-0.8%,,,,,,,,,,,,,,,,
2/24/2016 10:54,1235,3.7,656,3.69,,-0.3%,,,,,,,,,,,,,,,,
2/24/2016 10:59,1241,3.72,656,3.69,,-0.8%,,,,,,,,,,,,,,,,
2/24/2016 11:04,1248,3.74,657,3.7,,-1.1%,,,,,,,,,,,,,,,,
2/24/2016 11:09,1249,3.75,656,3.69,,-1.6%,,,,,,,,,,,,,,,,
2/24/2016 11:14,1241,3.72,656,3.69,,-0.8%,,,,,,,,,,,,,,,,
2/24/2016 11:19,1243,3.73,656,3.69,,-1.1%,,,,,,,,,,,,,,,,
2/24/2016 11:23,1230,3.69,655,3.68,,-0.3%,,,,,,,,,,,,,,,,
2/24/2016 11:28,1247,3.74,656,3.69,,-1.3%,,,,,,,,,,,,,,,,
2/24/2016 11:33,1241,3.72,656,3.69,,-0.8%,,,,,,,,,,,,,,,,
2/24/2016 11:38,1242,3.73,656,3.69,,-1.1%,,,,,,,,,,,,,,,,
2/24/2016 11:43,1249,3.75,656,3.69,,-1.6%,,,,,,,,,,,,,,,,
2/24/2016 11:48,1232,3.7,656,3.69,,-0.3%,,,,,,,,,,,,,,,,
2/24/2016 11:53,1240,3.72,656,3.69,,-0.8%,,,,,,,,,,,,,,,,
2/24/2016 11:57,1242,3.73,655,3.68,,-1.3%,,,,,,,,,,,,,,,,
2/24/2016 12:02,1249,3.75,656,3.69,,-1.6%,,,,,,,,,,,,,,,,
2/24/2016 12:07,1247,3.74,656,3.69,,-1.3%,,,,,,,,,,,,,,,,
2/24/2016 12:12,1237,3.71,655,3.68,,-0.8%,,,,,,,,,,,,,,,,
2/24/2016 12:17,1228,3.68,655,3.68,,0.0%,,,,,,,,,,,,,,,,
2/24/2016 12:22,1239,3.72,656,3.69,,-0.8%,,,,,,,,,,,,,,,,
2/24/2016 12:27,1233,3.7,656,3.69,,-0.3%,,,,,,,,,,,,,,,,
2/24/2016 12:31,1244,3.73,655,3.68,,-1.3%,,,,,,,,,,,,,,,,
2/24/2016 12:36,1223,3.67,655,3.68,,0.3%,,,,,,,,,,,,,,,,
2/24/2016 12:41,1241,3.72,655,3.68,,-1.1%,,,,,,,,,,,,,,,,
2/24/2016 12:46,1241,3.72,655,3.68,,-1.1%,,,,,,,,,,,,,,,,
2/24/2016 12:51,1242,3.73,653,3.67,,-1.6%,,,,,,,,,,,,,,,,
2/24/2016 12:56,1221,3.66,654,3.68,,0.5%,,,,,,,,,,,,,,,,
2/24/2016 13:00,1245,3.74,655,3.68,,-1.6%,,,,,,,,,,,,,,,,
2/24/2016 13:05,1229,3.69,655,3.68,,-0.3%,,,,,,,,,,,,,,,,
2/24/2016 13:10,1241,3.72,655,3.68,,-1.1%,,,,,,,,,,,,,,,,
2/24/2016 13:15,1230,3.69,654,3.68,,-0.3%,,,,,,,,,,,,,,,,
2/24/2016 13:20,1241,3.72,653,3.67,,-1.3%,,,,,,,,,,,,,,,,
2/24/2016 13:25,1238,3.71,655,3.68,,-0.8%,,,,,,,,,,,,,,,,
2/24/2016 13:30,1239,3.72,655,3.68,,-1.1%,,,,,,,,,,,,,,,,
2/24/2016 13:35,1238,3.71,654,3.68,,-0.8%,,,,,,,,,,,,,,,,
2/24/2016 13:39,1237,3.71,653,3.67,,-1.1%,,,,,,,,,,,,,,,,
2/24/2016 13:44,1236,3.71,653,3.67,,-1.1%,,,,,,,,,,,,,,,,
2/24/2016 13:49,1222,3.67,654,3.68,,0.3%,,,,,,,,,,,,,,,,
2/24/2016 13:54,1236,3.71,653,3.67,,-1.1%,,,,,,,,,,,,,,,,
2/24/2016 13:59,1242,3.73,654,3.68,,-1.3%,,,,,,,,,,,,,,,,
2/24/2016 14:04,1242,3.73,653,3.67,,-1.6%,,,,,,,,,,,,,,,,
2/24/2016 14:09,1243,3.73,654,3.68,,-1.3%,,,,,,,,,,,,,,,,
2/24/2016 14:13,1238,3.71,653,3.67,,-1.1%,,,,,,,,,,,,,,,,
2/24/2016 14:18,1233,3.7,653,3.67,,-0.8%,,,,,,,,,,,,,,,,
2/24/2016 14:23,1237,3.71,653,3.67,,-1.1%,,,,,,,,,,,,,,,,
2/24/2016 14:28,1236,3.71,653,3.67,,-1.1%,,,,,,,,,,,,,,,,
2/24/2016 14:33,1243,3.73,653,3.67,,-1.6%,,,,,,,,,,,,,,,,
2/24/2016 14:38,1235,3.7,653,3.67,,-0.8%,,,,,,,,,,,,,,,,
2/24/2016 14:43,1239,3.72,653,3.67,,-1.3%,,,,,,,,,,,,,,,,
2/24/2016 14:47,1239,3.72,653,3.67,,-1.3%,,,,,,,,,,,,,,,,
2/24/2016 14:52,1239,3.72,652,3.67,,-1.3%,,,,,,,,,,,,,,,,
2/24/2016 14:57,1237,3.71,653,3.67,,-1.1%,,,,,,,,,,,,,,,,
2/24/2016 15:02,1229,3.69,653,3.67,,-0.5%,,,,,,,,,,,,,,,,
2/24/2016 15:07,1236,3.71,653,3.67,,-1.1%,,,,,,,,,,,,,,,,
2/24/2016 15:12,1228,3.68,653,3.67,,-0.3%,,,,,,,,,,,,,,,,
2/24/2016 15:17,1238,3.71,653,3.67,,-1.1%,,,,,,,,,,,,,,,,
2/24/2016 15:21,1233,3.7,652,3.67,,-0.8%,,,,,,,,,,,,,,,,
2/24/2016 15:26,1243,3.73,652,3.67,,-1.6%,,,,,,,,,,,,,,,,
2/24/2016 15:31,1234,3.7,652,3.67,,-0.8%,,,,,,,,,,,,,,,,
2/24/2016 15:36,1234,3.7,652,3.67,,-0.8%,,,,,,,,,,,,,,,,
2/24/2016 15:41,1236,3.71,652,3.67,,-1.1%,,,,,,,,,,,,,,,,
2/24/2016 15:46,1240,3.72,652,3.67,,-1.3%,,,,,,,,,,,,,,,,
2/24/2016 15:51,1230,3.69,652,3.67,,-0.5%,,,,,,,,,,,,,,,,
2/24/2016 15:55,1236,3.71,652,3.67,,-1.1%,,,,,,,,,,,,,,,,
2/24/2016 16:00,1234,3.7,651,3.66,,-1.1%,,,,,,,,,,,,,,,,
2/24/2016 16:05,1238,3.71,652,3.67,,-1.1%,,,,,,,,,,,,,,,,
2/24/2016 16:10,1233,3.7,651,3.66,,-1.1%,,,,,,,,,,,,,,,,
2/24/2016 16:15,1232,3.7,652,3.67,,-0.8%,,,,,,,,,,,,,,,,
2/24/2016 16:20,1233,3.7,651,3.66,,-1.1%,,,,,,,,,,,,,,,,
2/24/2016 16:25,1233,3.7,651,3.66,,-1.1%,,,,,,,,,,,,,,,,
2/24/2016 16:30,1231,3.69,651,3.66,,-0.8%,,,,,,,,,,,,,,,,
2/24/2016 16:34,1221,3.66,651,3.66,,0.0%,,,,,,,,,,,,,,,,
2/24/2016 16:39,1233,3.7,651,3.66,,-1.1%,,,,,,,,,,,,,,,,
2/24/2016 16:44,1233,3.7,651,3.66,,-1.1%,,,,,,,,,,,,,,,,
2/24/2016 16:49,1238,3.71,651,3.66,,-1.3%,,,,,,,,,,,,,,,,
2/24/2016 16:54,1226,3.68,650,3.66,,-0.5%,,,,,,,,,,,,,,,,
2/24/2016 16:59,1232,3.7,651,3.66,,-1.1%,,,,,,,,,,,,,,,,
2/24/2016 17:04,1230,3.69,651,3.66,,-0.8%,,,,,,,,,,,,,,,,
2/24/2016 17:08,1229,3.69,651,3.66,,-0.8%,,,,,,,,,,,,,,,,
2/24/2016 17:13,1229,3.69,650,3.66,,-0.8%,,,,,,,,,,,,,,,,
2/24/2016 17:18,1237,3.71,651,3.66,,-1.3%,,,,,,,,,,,,,,,,
2/24/2016 17:23,1230,3.69,650,3.66,,-0.8%,,,,,,,,,,,,,,,,
2/24/2016 17:28,1224,3.67,650,3.66,,-0.3%,,,,,,,,,,,,,,,,
2/24/2016 17:33,1237,3.71,650,3.66,,-1.3%,,,,,,,,,,,,,,,,
2/24/2016 17:37,1218,3.65,650,3.66,,0.3%,,,,,,,,,,,,,,,,
2/24/2016 17:42,1220,3.66,650,3.66,,0.0%,,,,,,,,,,,,,,,,
2/24/2016 17:47,1238,3.71,650,3.66,,-1.3%,,,,,,,,,,,,,,,,
2/24/2016 17:52,1218,3.65,649,3.65,,0.0%,,,,,,,,,,,,,,,,
2/24/2016 17:57,1230,3.69,650,3.66,,-0.8%,,,,,,,,,,,,,,,,
2/24/2016 18:02,1220,3.66,650,3.66,,0.0%,,,,,,,,,,,,,,,,
2/24/2016 18:07,1227,3.68,650,3.66,,-0.5%,,,,,,,,,,,,,,,,
2/24/2016 18:12,1227,3.68,650,3.66,,-0.5%,,,,,,,,,,,,,,,,
2/24/2016 18:16,1226,3.68,650,3.66,,-0.5%,,,,,,,,,,,,,,,,
2/24/2016 18:21,1229,3.69,649,3.65,,-1.1%,,,,,,,,,,,,,,,,
2/24/2016 18:26,1230,3.69,650,3.66,,-0.8%,,,,,,,,,,,,,,,,
2/24/2016 18:31,1229,3.69,649,3.65,,-1.1%,,,,,,,,,,,,,,,,
2/24/2016 18:36,1225,3.68,649,3.65,,-0.8%,,,,,,,,,,,,,,,,
2/24/2016 18:41,1227,3.68,649,3.65,,-0.8%,,,,,,,,,,,,,,,,
2/24/2016 18:46,1226,3.68,649,3.65,,-0.8%,,,,,,,,,,,,,,,,
2/24/2016 18:50,1226,3.68,649,3.65,,-0.8%,,,,,,,,,,,,,,,,
2/24/2016 18:55,1226,3.68,649,3.65,,-0.8%,,,,,,,,,,,,,,,,
2/24/2016 19:00,1229,3.69,649,3.65,,-1.1%,,,,,,,,,,,,,,,,
2/24/2016 19:05,1234,3.7,649,3.65,,-1.4%,,,,,,,,,,,,,,,,
2/24/2016 19:10,1226,3.68,649,3.65,,-0.8%,,,,,,,,,,,,,,,,
2/24/2016 19:15,1228,3.68,649,3.65,,-0.8%,,,,,,,,,,,,,,,,
2/24/2016 19:20,1227,3.68,649,3.65,,-0.8%,,,,,,,,,,,,,,,,
2/24/2016 19:24,1229,3.69,649,3.65,,-1.1%,,,,,,,,,,,,,,,,
2/24/2016 19:29,1218,3.65,648,3.64,,-0.3%,,,,,,,,,,,,,,,,
2/24/2016 19:34,1228,3.68,648,3.64,,-1.1%,,,,,,,,,,,,,,,,
2/24/2016 19:39,1233,3.7,649,3.65,,-1.4%,,,,,,,,,,,,,,,,
2/24/2016 19:44,1231,3.69,649,3.65,,-1.1%,,,,,,,,,,,,,,,,
2/24/2016 19:49,1232,3.7,649,3.65,,-1.4%,,,,,,,,,,,,,,,,
2/24/2016 19:54,1226,3.68,648,3.64,,-1.1%,,,,,,,,,,,,,,,,
2/24/2016 19:58,1226,3.68,649,3.65,,-0.8%,,,,,,,,,,,,,,,,
2/24/2016 20:03,1226,3.68,648,3.64,,-1.1%,,,,,,,,,,,,,,,,
2/24/2016 20:08,1217,3.65,648,3.64,,-0.3%,,,,,,,,,,,,,,,,
2/24/2016 20:13,1234,3.7,648,3.64,,-1.6%,,,,,,,,,,,,,,,,
2/24/2016 20:18,1231,3.69,648,3.64,,-1.4%,,,,,,,,,,,,,,,,
2/24/2016 20:23,1216,3.65,648,3.64,,-0.3%,,,,,,,,,,,,,,,,
2/24/2016 20:28,1221,3.66,648,3.64,,-0.5%,,,,,,,,,,,,,,,,
2/24/2016 20:32,1224,3.67,647,3.64,,-0.8%,,,,,,,,,,,,,,,,
2/24/2016 20:37,1226,3.68,647,3.64,,-1.1%,,,,,,,,,,,,,,,,
2/24/2016 20:42,1222,3.67,647,3.64,,-0.8%,,,,,,,,,,,,,,,,
2/24/2016 20:47,1211,3.63,647,3.64,,0.3%,,,,,,,,,,,,,,,,
2/24/2016 20:52,1223,3.67,647,3.64,,-0.8%,,,,,,,,,,,,,,,,
2/24/2016 20:57,1225,3.68,647,3.64,,-1.1%,,,,,,,,,,,,,,,,
2/24/2016 21:02,1222,3.67,647,3.64,,-0.8%,,,,,,,,,,,,,,,,
2/24/2016 21:07,1222,3.67,647,3.64,,-0.8%,,,,,,,,,,,,,,,,
2/24/2016 21:11,1214,3.64,646,3.63,,-0.3%,,,,,,,,,,,,,,,,
2/24/2016 21:16,1222,3.67,647,3.64,,-0.8%,,,,,,,,,,,,,,,,
2/24/2016 21:21,1221,3.66,647,3.64,,-0.5%,,,,,,,,,,,,,,,,
2/24/2016 21:26,1221,3.66,646,3.63,,-0.8%,,,,,,,,,,,,,,,,
2/24/2016 21:31,1190,3.57,646,3.63,,1.7%,,,,,,,,,,,,,,,,
2/24/2016 21:36,1223,3.67,647,3.64,,-0.8%,,,,,,,,,,,,,,,,
2/24/2016 21:41,1224,3.67,647,3.64,,-0.8%,,,,,,,,,,,,,,,,
2/24/2016 21:45,1228,3.68,646,3.63,,-1.4%,,,,,,,,,,,,,,,,
2/24/2016 21:50,1221,3.66,646,3.63,,-0.8%,,,,,,,,,,,,,,,,
2/24/2016 21:55,1220,3.66,645,3.63,,-0.8%,,,,,,,,,,,,,,,,
2/24/2016 22:00,1224,3.67,645,3.63,,-1.1%,,,,,,,,,,,,,,,,
2/24/2016 22:05,1225,3.68,645,3.63,,-1.4%,,,,,,,,,,,,,,,,
2/24/2016 22:10,1190,3.57,646,3.63,,1.7%,,,,,,,,,,,,,,,,
2/24/2016 22:15,1219,3.66,645,3.63,,-0.8%,,,,,,,,,,,,,,,,
2/24/2016 22:20,1220,3.66,645,3.63,,-0.8%,,,,,,,,,,,,,,,,
2/24/2016 22:24,1223,3.67,644,3.62,,-1.4%,,,,,,,,,,,,,,,,
2/24/2016 22:29,1210,3.63,644,3.62,,-0.3%,,,,,,,,,,,,,,,,
2/24/2016 22:34,1204,3.61,644,3.62,,0.3%,,,,,,,,,,,,,,,,
2/24/2016 22:39,1221,3.66,644,3.62,,-1.1%,,,,,,,,,,,,,,,,
2/24/2016 22:44,1207,3.62,644,3.62,,0.0%,,,,,,,,,,,,,,,,
2/24/2016 22:49,1219,3.66,644,3.62,,-1.1%,,,,,,,,,,,,,,,,
2/24/2016 22:54,1217,3.65,644,3.62,,-0.8%,,,,,,,,,,,,,,,,
2/24/2016 22:58,1220,3.66,644,3.62,,-1.1%,,,,,,,,,,,,,,,,
2/24/2016 23:03,1211,3.63,643,3.62,,-0.3%,,,,,,,,,,,,,,,,
2/24/2016 23:08,1220,3.66,644,3.62,,-1.1%,,,,,,,,,,,,,,,,
2/24/2016 23:13,1222,3.67,643,3.62,,-1.4%,,,,,,,,,,,,,,,,
2/24/2016 23:18,1218,3.65,643,3.62,,-0.8%,,,,,,,,,,,,,,,,
2/24/2016 23:23,1216,3.65,643,3.62,,-0.8%,,,,,,,,,,,,,,,,
2/24/2016 23:28,1204,3.61,643,3.62,,0.3%,,,,,,,,,,,,,,,,
2/24/2016 23:32,1215,3.64,642,3.61,,-0.8%,,,,,,,,,,,,,,,,
2/24/2016 23:37,1215,3.64,643,3.62,,-0.5%,,,,,,,,,,,,,,,,
2/24/2016 23:42,1208,3.62,637,3.58,,-1.1%,,,,,,,,,,,,,,,,
2/24/2016 23:47,1218,3.65,642,3.61,,-1.1%,,,,,,,,,,,,,,,,
2/24/2016 23:52,1220,3.66,640,3.6,,-1.6%,,,,,,,,,,,,,,,,
2/24/2016 23:57,1223,3.67,639,3.59,,-2.2%,,,,,,,,,,,,,,,,
2/25/2016 0:02,1220,3.66,639,3.59,,-1.9%,,,,,,,,,,,,,,,,
2/25/2016 0:06,1208,3.62,640,3.6,,-0.6%,,,,,,,,,,,,,,,,
2/25/2016 0:11,1214,3.64,639,3.59,,-1.4%,,,,,,,,,,,,,,,,
2/25/2016 0:16,1215,3.64,638,3.59,,-1.4%,,,,,,,,,,,,,,,,
2/25/2016 0:21,1214,3.64,638,3.59,,-1.4%,,,,,,,,,,,,,,,,
2/25/2016 0:26,1221,3.66,638,3.59,,-1.9%,,,,,,,,,,,,,,,,
2/25/2016 0:31,1206,3.62,637,3.58,,-1.1%,,,,,,,,,,,,,,,,
2/25/2016 0:36,1208,3.62,638,3.59,,-0.8%,,,,,,,,,,,,,,,,
2/25/2016 0:40,1222,3.67,638,3.59,,-2.2%,,,,,,,,,,,,,,,,
2/25/2016 0:45,1218,3.65,637,3.58,,-1.9%,,,,,,,,,,,,,,,,
2/25/2016 0:50,1205,3.62,637,3.58,,-1.1%,,,,,,,,,,,,,,,,
2/25/2016 0:55,1218,3.65,638,3.59,,-1.6%,,,,,,,,,,,,,,,,
2/25/2016 1:00,1212,3.64,637,3.58,,-1.6%,,,,,,,,,,,,,,,,
2/25/2016 1:05,1216,3.65,637,3.58,,-1.9%,,,,,,,,,,,,,,,,
2/25/2016 1:10,1200,3.6,637,3.58,,-0.6%,,,,,,,,,,,,,,,,
2/25/2016 1:15,1211,3.63,637,3.58,,-1.4%,,,,,,,,,,,,,,,,
2/25/2016 1:19,1211,3.63,637,3.58,,-1.4%,,,,,,,,,,,,,,,,
2/25/2016 1:24,1211,3.63,637,3.58,,-1.4%,,,,,,,,,,,,,,,,
2/25/2016 1:29,1217,3.65,637,3.58,,-1.9%,,,,,,,,,,,,,,,,
2/25/2016 1:34,1206,3.62,637,3.58,,-1.1%,,,,,,,,,,,,,,,,
2/25/2016 1:39,1194,3.58,637,3.58,,0.0%,,,,,,,,,,,,,,,,
2/25/2016 1:44,1201,3.6,636,3.58,,-0.6%,,,,,,,,,,,,,,,,
2/25/2016 1:49,1213,3.64,637,3.58,,-1.6%,,,,,,,,,,,,,,,,
2/25/2016 1:53,1199,3.6,637,3.58,,-0.6%,,,,,,,,,,,,,,,,
2/25/2016 1:58,1219,3.66,637,3.58,,-2.2%,,,,,,,,,,,,,,,,
2/25/2016 2:03,1216,3.65,636,3.58,,-1.9%,,,,,,,,,,,,,,,,
2/25/2016 2:08,1206,3.62,636,3.58,,-1.1%,,,,,,,,,,,,,,,,
2/25/2016 2:13,1207,3.62,636,3.58,,-1.1%,,,,,,,,,,,,,,,,
2/25/2016 2:18,1216,3.65,636,3.58,,-1.9%,,,,,,,,,,,,,,,,
2/25/2016 2:23,1215,3.64,636,3.58,,-1.6%,,,,,,,,,,,,,,,,
2/25/2016 2:27,1205,3.62,635,3.57,,-1.4%,,,,,,,,,,,,,,,,
2/25/2016 2:32,1203,3.61,636,3.58,,-0.8%,,,,,,,,,,,,,,,,
2/25/2016 2:37,1214,3.64,637,3.58,,-1.6%,,,,,,,,,,,,,,,,
2/25/2016 2:42,1215,3.64,636,3.58,,-1.6%,,,,,,,,,,,,,,,,
2/25/2016 2:47,1210,3.63,636,3.58,,-1.4%,,,,,,,,,,,,,,,,
2/25/2016 2:52,1209,3.63,637,3.58,,-1.4%,,,,,,,,,,,,,,,,
2/25/2016 2:57,1210,3.63,636,3.58,,-1.4%,,,,,,,,,,,,,,,,
2/25/2016 3:02,1209,3.63,636,3.58,,-1.4%,,,,,,,,,,,,,,,,
2/25/2016 3:06,1207,3.62,636,3.58,,-1.1%,,,,,,,,,,,,,,,,
2/25/2016 3:11,1213,3.64,636,3.58,,-1.6%,,,,,,,,,,,,,,,,
2/25/2016 3:16,1208,3.62,636,3.58,,-1.1%,,,,,,,,,,,,,,,,
2/25/2016 3:21,1208,3.62,635,3.57,,-1.4%,,,,,,,,,,,,,,,,
2/25/2016 3:26,1207,3.62,635,3.57,,-1.4%,,,,,,,,,,,,,,,,
2/25/2016 3:31,1209,3.63,635,3.57,,-1.7%,,,,,,,,,,,,,,,,
2/25/2016 3:36,1208,3.62,635,3.57,,-1.4%,,,,,,,,,,,,,,,,
2/25/2016 3:40,1195,3.59,635,3.57,,-0.6%,,,,,,,,,,,,,,,,
2/25/2016 3:45,1207,3.62,635,3.57,,-1.4%,,,,,,,,,,,,,,,,
2/25/2016 3:50,1202,3.61,634,3.57,,-1.1%,,,,,,,,,,,,,,,,
2/25/2016 3:55,1205,3.62,634,3.57,,-1.4%,,,,,,,,,,,,,,,,
2/25/2016 4:00,1202,3.61,634,3.57,,-1.1%,,,,,,,,,,,,,,,,
2/25/2016 4:05,1200,3.6,635,3.57,,-0.8%,,,,,,,,,,,,,,,,
2/25/2016 4:10,1192,3.58,635,3.57,,-0.3%,,,,,,,,,,,,,,,,
2/25/2016 4:14,1193,3.58,634,3.57,,-0.3%,,,,,,,,,,,,,,,,
2/25/2016 4:19,1203,3.61,634,3.57,,-1.1%,,,,,,,,,,,,,,,,
2/25/2016 4:24,1202,3.61,633,3.56,,-1.4%,,,,,,,,,,,,,,,,
2/25/2016 4:29,1202,3.61,634,3.57,,-1.1%,,,,,,,,,,,,,,,,
2/25/2016 4:34,1210,3.63,633,3.56,,-1.9%,,,,,,,,,,,,,,,,
2/25/2016 4:39,1198,3.59,632,3.55,,-1.1%,,,,,,,,,,,,,,,,
2/25/2016 4:44,1185,3.55,631,3.55,,0.0%,,,,,,,,,,,,,,,,
2/25/2016 4:49,1186,3.56,630,3.54,,-0.6%,,,,,,,,,,,,,,,,
2/25/2016 4:53,1198,3.59,630,3.54,,-1.4%,,,,,,,,,,,,,,,,
2/25/2016 4:58,1198,3.59,631,3.55,,-1.1%,,,,,,,,,,,,,,,,
2/25/2016 5:03,1194,3.58,628,3.53,,-1.4%,,,,,,,,,,,,,,,,
2/25/2016 5:08,1194,3.58,629,3.54,,-1.1%,,,,,,,,,,,,,,,,
2/25/2016 5:13,1192,3.58,628,3.53,,-1.4%,,,,,,,,,,,,,,,,
2/25/2016 5:18,1189,3.57,627,3.53,,-1.1%,,,,,,,,,,,,,,,,
2/25/2016 5:23,1183,3.55,625,3.52,,-0.8%,,,,,,,,,,,,,,,,
2/25/2016 5:27,1194,3.58,625,3.52,,-1.7%,,,,,,,,,,,,,,,,
2/25/2016 5:32,1170,3.51,624,3.51,,0.0%,,,,,,,,,,,,,,,,
2/25/2016 5:37,1179,3.54,624,3.51,,-0.8%,,,,,,,,,,,,,,,,
2/25/2016 5:42,1166,3.5,623,3.5,,0.0%,,,,,,,,,,,,,,,,
2/25/2016 5:47,1179,3.54,623,3.5,,-1.1%,,,,,,,,,,,,,,,,
2/25/2016 5:52,1173,3.52,620,3.49,,-0.9%,,,,,,,,,,,,,,,,
2/25/2016 5:57,1171,3.51,619,3.48,,-0.9%,,,,,,,,,,,,,,,,
2/25/2016 6:01,1168,3.5,618,3.48,,-0.6%,,,,,,,,,,,,,,,,
2/25/2016 6:06,1171,3.51,617,3.47,,-1.1%,,,,,,,,,,,,,,,,
2/25/2016 6:11,1174,3.52,616,3.46,,-1.7%,,,,,,,,,,,,,,,,
2/25/2016 6:16,1172,3.52,616,3.46,,-1.7%,,,,,,,,,,,,,,,,
2/25/2016 6:21,1161,3.48,615,3.46,,-0.6%,,,,,,,,,,,,,,,,
2/25/2016 6:26,1156,3.47,611,3.44,,-0.9%,,,,,,,,,,,,,,,,
2/25/2016 6:31,1158,3.47,611,3.44,,-0.9%,,,,,,,,,,,,,,,,
2/25/2016 6:35,1161,3.48,611,3.44,,-1.1%,,,,,,,,,,,,,,,,
2/25/2016 6:40,1153,3.46,610,3.43,,-0.9%,,,,,,,,,,,,,,,,
2/25/2016 6:45,1155,3.46,609,3.43,,-0.9%,,,,,,,,,,,,,,,,
2/25/2016 6:50,1145,3.43,606,3.41,,-0.6%,,,,,,,,,,,,,,,,
2/25/2016 6:55,1156,3.47,606,3.41,,-1.7%,,,,,,,,,,,,,,,,
2/25/2016 7:00,1142,3.43,604,3.4,,-0.9%,,,,,,,,,,,,,,,,
2/25/2016 7:05,1146,3.44,603,3.39,,-1.5%,,,,,,,,,,,,,,,,
2/25/2016 7:09,1133,3.4,601,3.38,,-0.6%,,,,,,,,,,,,,,,,
2/25/2016 7:14,1146,3.44,600,3.37,,-2.0%,,,,,,,,,,,,,,,,
2/25/2016 7:19,1146,3.44,598,3.36,,-2.3%,,,,,,,,,,,,,,,,
2/25/2016 7:24,1138,3.41,596,3.35,,-1.8%,,,,,,,,,,,,,,,,
2/25/2016 7:29,1122,3.37,594,3.34,,-0.9%,,,,,,,,,,,,,,,,
2/25/2016 7:34,1123,3.37,592,3.33,,-1.2%,,,,,,,,,,,,,,,,
2/25/2016 7:39,1108,3.32,590,3.32,,0.0%,,,,,,,,,,,,,,,,
2/25/2016 7:44,1123,3.37,586,3.3,,-2.1%,,,,,,,,,,,,,,,,
2/25/2016 7:48,1104,3.31,584,3.29,,-0.6%,,,,,,,,,,,,,,,,
2/25/2016 7:53,1100,3.3,583,3.28,,-0.6%,,,,,,,,,,,,,,,,
2/25/2016 7:58,1094,3.28,580,3.26,,-0.6%,,,,,,,,,,,,,,,,
2/25/2016 8:03,1089,3.27,577,3.25,,-0.6%,,,,,,,,,,,,,,,,
2/25/2016 8:08,1085,3.26,575,3.23,,-0.9%,,,,,,,,,,,,,,,,
2/25/2016 8:13,1080,3.24,570,3.21,,-0.9%,,,,,,,,,,,,,,,,
2/25/2016 8:18,1069,3.21,568,3.19,,-0.6%,,,,,,,,,,,,,,,,
2/25/2016 8:23,1055,3.16,562,3.16,,0.0%,,,,,,,,,,,,,,,,
2/25/2016 8:28,1062,3.19,558,3.14,,-1.6%,,,,,,,,,,,,,,,,
2/25/2016 8:32,1042,3.13,553,3.11,,-0.6%,,,,,,,,,,,,,,,,
2/25/2016 8:37,1031,3.09,548,3.08,,-0.3%,,,,,,,,,,,,,,,,
2/25/2016 8:42,1025,3.07,541,3.04,,-1.0%,,,,,,,,,,,,,,,,
2/25/2016 8:47,1013,3.04,532,2.99,,-1.6%,,,,,,,,,,,,,,,,
